text,label
為確保一致性與穩健性，本研究使用做筆記進行評估，結果顯示在效率上具有顯著提升。,ai
綜合以上，論文寫作可歸納為三個面向：監控、回饋、可解釋性，未來可進一步驗證其穩健性。,ai
我很喜歡甜點，但太晚吃會睡不好讓我最近少吃了，改成湯麵。,human
綜合以上，深度學習可歸納為三個面向：監控、驗證、風險，未來可進一步驗證其準確率。,ai
這段時間在學醫療影像AI，最卡的是指標怎麼用，我用做筆記才慢慢搞懂。,human
這段時間在學機器學習，最卡的是資料前處理，我用請教同學才慢慢搞懂。,human
今天跟同事討論KneeNet，我們對部署方式意見不同，最後用用投票決定解決。,human
綜合以上，論文寫作可歸納為三個面向：模型、驗證、可維護性，未來可進一步驗證其準確率。,ai
這段時間在學深度學習，最卡的是模型過擬合，我用畫圖才慢慢搞懂。,human
我很喜歡炸雞，但想控制體重讓我最近少吃了，改成沙拉。,human
這段時間在學資料結構，最卡的是loss怎麼設計，我用請教同學才慢慢搞懂。,human
為確保一致性與穩健性，本研究使用自己寫小例子進行評估，結果顯示在一致性上具有顯著提升。,ai
為確保一致性與穩健性，本研究使用把流程拆小進行評估，結果顯示在一致性上具有顯著提升。,ai
今天跟同事討論Streamlit demo，我們對UI呈現意見不同，最後用寫兩個版本比較解決。,human
本文旨在探討資料結構之關鍵要素，並提出一套可重現之工作流以提升整體穩健性。,ai
這段時間在學資料結構，最卡的是資料前處理，我用做筆記才慢慢搞懂。,human
綜合以上，論文寫作可歸納為三個面向：模型、訓練、可維護性，未來可進一步驗證其可用性。,ai
我很喜歡炸雞，但太晚吃會睡不好讓我最近少吃了，改成沙拉。,human
我昨天去逢甲夜市，路上遇到手機沒電，心情有點開心，但最後還是覺得值得。,human
綜合以上，機器學習可歸納為三個面向：迭代、驗證、可解釋性，未來可進一步驗證其準確率。,ai
我很喜歡火鍋，但最近喉嚨不舒服讓我最近少吃了，改成無糖茶。,human
我昨天去台中火車站，路上遇到遇到朋友，心情有點放鬆，但最後還是覺得值得。,human
今天跟同事討論Streamlit demo，我們對資料標註意見不同，最後用先做MVP再優化解決。,human
綜合以上，機器學習可歸納為三個面向：迭代、特徵、泛化能力，未來可進一步驗證其可用性。,ai
這段時間在學機器學習，最卡的是指標怎麼用，我用自己寫小例子才慢慢搞懂。,human
我很喜歡炸雞，但太晚吃會睡不好讓我最近少吃了，改成無糖茶。,human
這段時間在學論文寫作，最卡的是看不懂數學式，我用做筆記才慢慢搞懂。,human
這段時間在學資料結構，最卡的是資料前處理，我用請教同學才慢慢搞懂。,human
在實務應用上，建議採用架構並搭配自己寫小例子以達到更佳之準確率與可解釋性。,ai
這段時間在學論文寫作，最卡的是模型過擬合，我用自己寫小例子才慢慢搞懂。,human
今天跟同事討論n8n workflow，我們對UI呈現意見不同，最後用用簡單可行方案解決。,human
我很喜歡拉麵，但太晚吃會睡不好讓我最近少吃了，改成無糖茶。,human
綜合以上，資料結構可歸納為三個面向：模型、訓練、泛化能力，未來可進一步驗證其穩健性。,ai
本文旨在探討深度學習之關鍵要素，並提出一套可重現之方法論以提升整體可用性。,ai
這段時間在學機器學習，最卡的是指標怎麼用，我用把流程拆小才慢慢搞懂。,human
綜合以上，機器學習可歸納為三個面向：監控、回饋、泛化能力，未來可進一步驗證其可用性。,ai
綜合以上，資料結構可歸納為三個面向：資料、訓練、風險，未來可進一步驗證其一致性。,ai
本文旨在探討深度學習之關鍵要素，並提出一套可重現之方法論以提升整體可用性。,ai
我很喜歡珍珠奶茶，但太晚吃會睡不好讓我最近少吃了，改成水果。,human
綜合以上，論文寫作可歸納為三個面向：模型、回饋、風險，未來可進一步驗證其穩健性。,ai
我昨天去公園，路上遇到手機沒電，心情有點放鬆，但最後還是覺得值得。,human
在實務應用上，建議採用方法論並搭配把流程拆小以達到更佳之穩健性與可解釋性。,ai
綜合以上，深度學習可歸納為三個面向：資料、回饋、泛化能力，未來可進一步驗證其準確率。,ai
我很喜歡拉麵，但太晚吃會睡不好讓我最近少吃了，改成優格。,human
我很喜歡甜點，但最近喉嚨不舒服讓我最近少吃了，改成水果。,human
我很喜歡拉麵，但熱量太高讓我最近少吃了，改成湯麵。,human
我昨天去公園，路上遇到手機沒電，心情有點開心，但最後還是覺得值得。,human
我昨天去圖書館，路上遇到遇到朋友，心情有點疲憊，但最後還是覺得值得。,human
在實務應用上，建議採用模組並搭配做筆記以達到更佳之可用性與可解釋性。,ai
這段時間在學論文寫作，最卡的是模型過擬合，我用把流程拆小才慢慢搞懂。,human
我昨天去公園，路上遇到手機沒電，心情有點疲憊，但最後還是覺得值得。,human
在實務應用上，建議採用方法論並搭配自己寫小例子以達到更佳之可用性與可解釋性。,ai
在實務應用上，建議採用方法論並搭配請教同學以達到更佳之效率與可解釋性。,ai
今天跟同事討論KneeNet，我們對UI呈現意見不同，最後用先照老師規格解決。,human
為確保一致性與穩健性，本研究使用畫圖進行評估，結果顯示在準確率上具有顯著提升。,ai
綜合以上，機器學習可歸納為三個面向：迭代、驗證、可維護性，未來可進一步驗證其準確率。,ai
為確保一致性與穩健性，本研究使用自己寫小例子進行評估，結果顯示在效率上具有顯著提升。,ai
在實務應用上，建議採用模組並搭配請教同學以達到更佳之穩健性與可解釋性。,ai
今天跟同事討論KneeNet，我們對部署方式意見不同，最後用先做MVP再優化解決。,human
為確保一致性與穩健性，本研究使用畫圖進行評估，結果顯示在效率上具有顯著提升。,ai
在實務應用上，建議採用方法論並搭配把流程拆小以達到更佳之效率與可解釋性。,ai
本文旨在探討論文寫作之關鍵要素，並提出一套可重現之模組以提升整體效率。,ai
我昨天去逢甲夜市，路上遇到手機沒電，心情有點期待，但最後還是覺得值得。,human
為確保一致性與穩健性，本研究使用做筆記進行評估，結果顯示在準確率上具有顯著提升。,ai
在實務應用上，建議採用工作流並搭配畫圖以達到更佳之效率與可解釋性。,ai
這段時間在學論文寫作，最卡的是資料前處理，我用自己寫小例子才慢慢搞懂。,human
本文旨在探討深度學習之關鍵要素，並提出一套可重現之流程以提升整體效率。,ai
今天跟同事討論n8n workflow，我們對資料標註意見不同，最後用寫兩個版本比較解決。,human
綜合以上，機器學習可歸納為三個面向：監控、訓練、風險，未來可進一步驗證其效率。,ai
在實務應用上，建議採用工作流並搭配做筆記以達到更佳之可用性與可解釋性。,ai
為確保一致性與穩健性，本研究使用請教同學進行評估，結果顯示在準確率上具有顯著提升。,ai
我很喜歡甜點，但有點上火讓我最近少吃了，改成優格。,human
本文旨在探討論文寫作之關鍵要素，並提出一套可重現之模組以提升整體一致性。,ai
綜合以上，論文寫作可歸納為三個面向：資料、驗證、成本，未來可進一步驗證其準確率。,ai
我昨天去公園，路上遇到塞車，心情有點疲憊，但最後還是覺得值得。,human
綜合以上，資料結構可歸納為三個面向：部署、推論、成本，未來可進一步驗證其效率。,ai
我昨天去逢甲夜市，路上遇到手機沒電，心情有點焦躁，但最後還是覺得值得。,human
這段時間在學醫療影像AI，最卡的是loss怎麼設計，我用請教同學才慢慢搞懂。,human
在實務應用上，建議採用工作流並搭配請教同學以達到更佳之效率與可解釋性。,ai
本文旨在探討論文寫作之關鍵要素，並提出一套可重現之架構以提升整體穩健性。,ai
我昨天去逢甲夜市，路上遇到遇到朋友，心情有點焦躁，但最後還是覺得值得。,human
今天跟同事討論PPT換版，我們對資料標註意見不同，最後用先做MVP再優化解決。,human
今天跟同事討論Streamlit demo，我們對評估指標意見不同，最後用用簡單可行方案解決。,human
這段時間在學資料結構，最卡的是資料前處理，我用把流程拆小才慢慢搞懂。,human
今天跟同事討論KneeNet，我們對評估指標意見不同，最後用用簡單可行方案解決。,human
本文旨在探討機器學習之關鍵要素，並提出一套可重現之方法論以提升整體準確率。,ai
在實務應用上，建議採用工作流並搭配把流程拆小以達到更佳之穩健性與可解釋性。,ai
我很喜歡拉麵，但最近喉嚨不舒服讓我最近少吃了，改成水果。,human
本文旨在探討論文寫作之關鍵要素，並提出一套可重現之方法論以提升整體效率。,ai
今天跟同事討論關鍵點偵測，我們對評估指標意見不同，最後用用簡單可行方案解決。,human
我很喜歡甜點，但有點上火讓我最近少吃了，改成湯麵。,human
為確保一致性與穩健性，本研究使用把流程拆小進行評估，結果顯示在一致性上具有顯著提升。,ai
綜合以上，資料結構可歸納為三個面向：部署、回饋、可維護性，未來可進一步驗證其效率。,ai
今天跟同事討論KneeNet，我們對UI呈現意見不同，最後用用簡單可行方案解決。,human
本文旨在探討論文寫作之關鍵要素，並提出一套可重現之方法論以提升整體準確率。,ai
綜合以上，醫療影像AI可歸納為三個面向：模型、驗證、可維護性，未來可進一步驗證其準確率。,ai
本文旨在探討機器學習之關鍵要素，並提出一套可重現之流程以提升整體可用性。,ai
我昨天去醫院，路上遇到遇到朋友，心情有點開心，但最後還是覺得值得。,human
今天跟同事討論n8n workflow，我們對UI呈現意見不同，最後用寫兩個版本比較解決。,human
這段時間在學深度學習，最卡的是loss怎麼設計，我用畫圖才慢慢搞懂。,human
為確保一致性與穩健性，本研究使用畫圖進行評估，結果顯示在穩健性上具有顯著提升。,ai
為確保一致性與穩健性，本研究使用畫圖進行評估，結果顯示在穩健性上具有顯著提升。,ai
本文旨在探討資料結構之關鍵要素，並提出一套可重現之工作流以提升整體一致性。,ai
我很喜歡炸雞，但熱量太高讓我最近少吃了，改成優格。,human
本文旨在探討深度學習之關鍵要素，並提出一套可重現之工作流以提升整體一致性。,ai
我很喜歡甜點，但想控制體重讓我最近少吃了，改成無糖茶。,human
我很喜歡炸雞，但最近喉嚨不舒服讓我最近少吃了，改成無糖茶。,human
我很喜歡甜點，但有點上火讓我最近少吃了，改成優格。,human
為確保一致性與穩健性，本研究使用自己寫小例子進行評估，結果顯示在效率上具有顯著提升。,ai
為確保一致性與穩健性，本研究使用請教同學進行評估，結果顯示在準確率上具有顯著提升。,ai
我很喜歡拉麵，但太晚吃會睡不好讓我最近少吃了，改成無糖茶。,human
綜合以上，醫療影像AI可歸納為三個面向：模型、訓練、泛化能力，未來可進一步驗證其一致性。,ai
為確保一致性與穩健性，本研究使用畫圖進行評估，結果顯示在可用性上具有顯著提升。,ai
我昨天去逢甲夜市，路上遇到手機沒電，心情有點疲憊，但最後還是覺得值得。,human
這段時間在學機器學習，最卡的是loss怎麼設計，我用把流程拆小才慢慢搞懂。,human
綜合以上，機器學習可歸納為三個面向：迭代、訓練、風險，未來可進一步驗證其可用性。,ai
我昨天去圖書館，路上遇到遇到朋友，心情有點期待，但最後還是覺得值得。,human
本文旨在探討論文寫作之關鍵要素，並提出一套可重現之流程以提升整體可用性。,ai
這段時間在學機器學習，最卡的是看不懂數學式，我用把流程拆小才慢慢搞懂。,human
這段時間在學醫療影像AI，最卡的是看不懂數學式，我用畫圖才慢慢搞懂。,human
本文旨在探討論文寫作之關鍵要素，並提出一套可重現之模組以提升整體可用性。,ai
綜合以上，醫療影像AI可歸納為三個面向：部署、驗證、成本，未來可進一步驗證其穩健性。,ai
今天跟同事討論關鍵點偵測，我們對推論速度意見不同，最後用用簡單可行方案解決。,human
我很喜歡珍珠奶茶，但熱量太高讓我最近少吃了，改成優格。,human
今天跟同事討論n8n workflow，我們對推論速度意見不同，最後用先照老師規格解決。,human
我昨天去台中火車站，路上遇到買到想吃的東西，心情有點期待，但最後還是覺得值得。,human
這段時間在學資料結構，最卡的是模型過擬合，我用畫圖才慢慢搞懂。,human
這段時間在學深度學習，最卡的是資料前處理，我用畫圖才慢慢搞懂。,human
我昨天去逢甲夜市，路上遇到手機沒電，心情有點期待，但最後還是覺得值得。,human
在實務應用上，建議採用架構並搭配把流程拆小以達到更佳之可用性與可解釋性。,ai
為確保一致性與穩健性，本研究使用請教同學進行評估，結果顯示在穩健性上具有顯著提升。,ai
本文旨在探討機器學習之關鍵要素，並提出一套可重現之流程以提升整體效率。,ai
本文旨在探討資料結構之關鍵要素，並提出一套可重現之模組以提升整體一致性。,ai
綜合以上，機器學習可歸納為三個面向：監控、訓練、泛化能力，未來可進一步驗證其穩健性。,ai
為確保一致性與穩健性，本研究使用把流程拆小進行評估，結果顯示在準確率上具有顯著提升。,ai
我很喜歡珍珠奶茶，但太晚吃會睡不好讓我最近少吃了，改成水果。,human
我很喜歡甜點，但想控制體重讓我最近少吃了，改成湯麵。,human
為確保一致性與穩健性，本研究使用請教同學進行評估，結果顯示在效率上具有顯著提升。,ai
我很喜歡甜點，但想控制體重讓我最近少吃了，改成湯麵。,human
在實務應用上，建議採用架構並搭配請教同學以達到更佳之準確率與可解釋性。,ai
為確保一致性與穩健性，本研究使用畫圖進行評估，結果顯示在可用性上具有顯著提升。,ai
在實務應用上，建議採用工作流並搭配把流程拆小以達到更佳之準確率與可解釋性。,ai
我很喜歡拉麵，但最近喉嚨不舒服讓我最近少吃了，改成無糖茶。,human
本文旨在探討機器學習之關鍵要素，並提出一套可重現之模組以提升整體可用性。,ai
綜合以上，資料結構可歸納為三個面向：迭代、推論、可維護性，未來可進一步驗證其準確率。,ai
在實務應用上，建議採用工作流並搭配做筆記以達到更佳之效率與可解釋性。,ai
本文旨在探討資料結構之關鍵要素，並提出一套可重現之工作流以提升整體可用性。,ai
為確保一致性與穩健性，本研究使用自己寫小例子進行評估，結果顯示在準確率上具有顯著提升。,ai
今天跟同事討論Streamlit demo，我們對推論速度意見不同，最後用用簡單可行方案解決。,human
今天跟同事討論關鍵點偵測，我們對UI呈現意見不同，最後用用簡單可行方案解決。,human
綜合以上，醫療影像AI可歸納為三個面向：部署、推論、風險，未來可進一步驗證其準確率。,ai
我昨天去圖書館，路上遇到買到想吃的東西，心情有點開心，但最後還是覺得值得。,human
我很喜歡甜點，但熱量太高讓我最近少吃了，改成無糖茶。,human
我很喜歡珍珠奶茶，但太晚吃會睡不好讓我最近少吃了，改成湯麵。,human
本文旨在探討醫療影像AI之關鍵要素，並提出一套可重現之流程以提升整體效率。,ai
為確保一致性與穩健性，本研究使用畫圖進行評估，結果顯示在準確率上具有顯著提升。,ai
這段時間在學論文寫作，最卡的是資料前處理，我用畫圖才慢慢搞懂。,human
這段時間在學論文寫作，最卡的是loss怎麼設計，我用做筆記才慢慢搞懂。,human
我昨天去逢甲夜市，路上遇到下雨，心情有點疲憊，但最後還是覺得值得。,human
在實務應用上，建議採用流程並搭配做筆記以達到更佳之一致性與可解釋性。,ai
綜合以上，深度學習可歸納為三個面向：部署、回饋、可解釋性，未來可進一步驗證其效率。,ai
今天跟同事討論KneeNet，我們對資料標註意見不同，最後用用投票決定解決。,human
我昨天去公園，路上遇到買到想吃的東西，心情有點開心，但最後還是覺得值得。,human
本文旨在探討深度學習之關鍵要素，並提出一套可重現之模組以提升整體可用性。,ai
綜合以上，醫療影像AI可歸納為三個面向：資料、推論、成本，未來可進一步驗證其一致性。,ai
今天跟同事討論關鍵點偵測，我們對推論速度意見不同，最後用用簡單可行方案解決。,human
我很喜歡火鍋，但熱量太高讓我最近少吃了，改成水果。,human
本文旨在探討深度學習之關鍵要素，並提出一套可重現之流程以提升整體效率。,ai
今天跟同事討論n8n workflow，我們對部署方式意見不同，最後用先照老師規格解決。,human
在實務應用上，建議採用架構並搭配把流程拆小以達到更佳之準確率與可解釋性。,ai
我很喜歡炸雞，但想控制體重讓我最近少吃了，改成水果。,human
在實務應用上，建議採用工作流並搭配做筆記以達到更佳之準確率與可解釋性。,ai
我很喜歡珍珠奶茶，但熱量太高讓我最近少吃了，改成沙拉。,human
我很喜歡火鍋，但有點上火讓我最近少吃了，改成湯麵。,human
今天跟同事討論PPT換版，我們對UI呈現意見不同，最後用先做MVP再優化解決。,human
我很喜歡火鍋，但最近喉嚨不舒服讓我最近少吃了，改成沙拉。,human
我昨天去圖書館，路上遇到買到想吃的東西，心情有點期待，但最後還是覺得值得。,human
這段時間在學醫療影像AI，最卡的是模型過擬合，我用把流程拆小才慢慢搞懂。,human
今天跟同事討論n8n workflow，我們對資料標註意見不同，最後用用投票決定解決。,human
在實務應用上，建議採用方法論並搭配把流程拆小以達到更佳之準確率與可解釋性。,ai
這段時間在學資料結構，最卡的是指標怎麼用，我用自己寫小例子才慢慢搞懂。,human
我很喜歡珍珠奶茶，但最近喉嚨不舒服讓我最近少吃了，改成湯麵。,human
今天跟同事討論n8n workflow，我們對部署方式意見不同，最後用用簡單可行方案解決。,human
本文旨在探討深度學習之關鍵要素，並提出一套可重現之流程以提升整體準確率。,ai
綜合以上，醫療影像AI可歸納為三個面向：監控、特徵、可維護性，未來可進一步驗證其可用性。,ai
今天跟同事討論PPT換版，我們對部署方式意見不同，最後用寫兩個版本比較解決。,human
今天跟同事討論PPT換版，我們對評估指標意見不同，最後用寫兩個版本比較解決。,human
這段時間在學機器學習，最卡的是模型過擬合，我用把流程拆小才慢慢搞懂。,human
在實務應用上，建議採用模組並搭配請教同學以達到更佳之穩健性與可解釋性。,ai
我昨天去台中火車站，路上遇到手機沒電，心情有點疲憊，但最後還是覺得值得。,human
綜合以上，醫療影像AI可歸納為三個面向：迭代、特徵、成本，未來可進一步驗證其一致性。,ai
在實務應用上，建議採用工作流並搭配請教同學以達到更佳之效率與可解釋性。,ai
本文旨在探討深度學習之關鍵要素，並提出一套可重現之工作流以提升整體可用性。,ai
我很喜歡甜點，但太晚吃會睡不好讓我最近少吃了，改成沙拉。,human
我昨天去醫院，路上遇到買到想吃的東西，心情有點期待，但最後還是覺得值得。,human
這段時間在學機器學習，最卡的是看不懂數學式，我用畫圖才慢慢搞懂。,human
綜合以上，機器學習可歸納為三個面向：迭代、回饋、風險，未來可進一步驗證其準確率。,ai
在實務應用上，建議採用模組並搭配請教同學以達到更佳之準確率與可解釋性。,ai
這段時間在學資料結構，最卡的是loss怎麼設計，我用請教同學才慢慢搞懂。,human
我昨天去逢甲夜市，路上遇到遇到朋友，心情有點放鬆，但最後還是覺得值得。,human
在實務應用上，建議採用架構並搭配請教同學以達到更佳之效率與可解釋性。,ai
為確保一致性與穩健性，本研究使用請教同學進行評估，結果顯示在效率上具有顯著提升。,ai
綜合以上，資料結構可歸納為三個面向：監控、推論、可解釋性，未來可進一步驗證其一致性。,ai
我很喜歡珍珠奶茶，但太晚吃會睡不好讓我最近少吃了，改成優格。,human
綜合以上，論文寫作可歸納為三個面向：模型、回饋、可維護性，未來可進一步驗證其穩健性。,ai
今天跟同事討論關鍵點偵測，我們對評估指標意見不同，最後用用投票決定解決。,human
我昨天去逢甲夜市，路上遇到塞車，心情有點放鬆，但最後還是覺得值得。,human
為確保一致性與穩健性，本研究使用做筆記進行評估，結果顯示在一致性上具有顯著提升。,ai
綜合以上，醫療影像AI可歸納為三個面向：監控、訓練、風險，未來可進一步驗證其效率。,ai
這段時間在學深度學習，最卡的是模型過擬合，我用請教同學才慢慢搞懂。,human
為確保一致性與穩健性，本研究使用畫圖進行評估，結果顯示在可用性上具有顯著提升。,ai
為確保一致性與穩健性，本研究使用請教同學進行評估，結果顯示在效率上具有顯著提升。,ai
這段時間在學深度學習，最卡的是loss怎麼設計，我用做筆記才慢慢搞懂。,human
本文旨在探討深度學習之關鍵要素，並提出一套可重現之模組以提升整體可用性。,ai
在實務應用上，建議採用工作流並搭配做筆記以達到更佳之準確率與可解釋性。,ai
為確保一致性與穩健性，本研究使用做筆記進行評估，結果顯示在效率上具有顯著提升。,ai
我很喜歡拉麵，但最近喉嚨不舒服讓我最近少吃了，改成優格。,human
本文旨在探討醫療影像AI之關鍵要素，並提出一套可重現之模組以提升整體準確率。,ai
今天跟同事討論PPT換版，我們對推論速度意見不同，最後用先做MVP再優化解決。,human
我很喜歡火鍋，但最近喉嚨不舒服讓我最近少吃了，改成湯麵。,human
在實務應用上，建議採用架構並搭配請教同學以達到更佳之一致性與可解釋性。,ai
我很喜歡火鍋，但最近喉嚨不舒服讓我最近少吃了，改成湯麵。,human
綜合以上，深度學習可歸納為三個面向：資料、推論、可解釋性，未來可進一步驗證其穩健性。,ai
我很喜歡火鍋，但最近喉嚨不舒服讓我最近少吃了，改成沙拉。,human
綜合以上，醫療影像AI可歸納為三個面向：迭代、訓練、泛化能力，未來可進一步驗證其可用性。,ai
在實務應用上，建議採用流程並搭配把流程拆小以達到更佳之準確率與可解釋性。,ai
我昨天去台中火車站，路上遇到手機沒電，心情有點焦躁，但最後還是覺得值得。,human
我昨天去公園，路上遇到下雨，心情有點放鬆，但最後還是覺得值得。,human
今天跟同事討論關鍵點偵測，我們對推論速度意見不同，最後用先做MVP再優化解決。,human
綜合以上，資料結構可歸納為三個面向：監控、驗證、風險，未來可進一步驗證其可用性。,ai
綜合以上，資料結構可歸納為三個面向：資料、推論、泛化能力，未來可進一步驗證其一致性。,ai
在實務應用上，建議採用流程並搭配畫圖以達到更佳之可用性與可解釋性。,ai
我很喜歡珍珠奶茶，但太晚吃會睡不好讓我最近少吃了，改成優格。,human
我很喜歡拉麵，但想控制體重讓我最近少吃了，改成沙拉。,human
今天跟同事討論關鍵點偵測，我們對UI呈現意見不同，最後用用投票決定解決。,human
綜合以上，醫療影像AI可歸納為三個面向：監控、驗證、泛化能力，未來可進一步驗證其可用性。,ai
這段時間在學機器學習，最卡的是資料前處理，我用做筆記才慢慢搞懂。,human
本文旨在探討醫療影像AI之關鍵要素，並提出一套可重現之工作流以提升整體準確率。,ai
我昨天去圖書館，路上遇到塞車，心情有點放鬆，但最後還是覺得值得。,human
這段時間在學機器學習，最卡的是模型過擬合，我用把流程拆小才慢慢搞懂。,human
今天跟同事討論PPT換版，我們對部署方式意見不同，最後用先照老師規格解決。,human
在實務應用上，建議採用方法論並搭配請教同學以達到更佳之穩健性與可解釋性。,ai
今天跟同事討論n8n workflow，我們對推論速度意見不同，最後用用投票決定解決。,human
在實務應用上，建議採用工作流並搭配請教同學以達到更佳之穩健性與可解釋性。,ai
本文旨在探討資料結構之關鍵要素，並提出一套可重現之模組以提升整體效率。,ai
本文旨在探討論文寫作之關鍵要素，並提出一套可重現之架構以提升整體效率。,ai
綜合以上，資料結構可歸納為三個面向：資料、回饋、可解釋性，未來可進一步驗證其可用性。,ai
我很喜歡甜點，但想控制體重讓我最近少吃了，改成水果。,human
本文旨在探討醫療影像AI之關鍵要素，並提出一套可重現之架構以提升整體效率。,ai
我很喜歡拉麵，但想控制體重讓我最近少吃了，改成無糖茶。,human
綜合以上，論文寫作可歸納為三個面向：迭代、回饋、可解釋性，未來可進一步驗證其準確率。,ai
為確保一致性與穩健性，本研究使用自己寫小例子進行評估，結果顯示在穩健性上具有顯著提升。,ai
我很喜歡火鍋，但有點上火讓我最近少吃了，改成優格。,human
在實務應用上，建議採用方法論並搭配做筆記以達到更佳之一致性與可解釋性。,ai
綜合以上，深度學習可歸納為三個面向：監控、驗證、可解釋性，未來可進一步驗證其效率。,ai
在實務應用上，建議採用架構並搭配畫圖以達到更佳之穩健性與可解釋性。,ai
在實務應用上，建議採用模組並搭配畫圖以達到更佳之可用性與可解釋性。,ai
綜合以上，機器學習可歸納為三個面向：監控、回饋、可維護性，未來可進一步驗證其準確率。,ai
我昨天去台中火車站，路上遇到下雨，心情有點放鬆，但最後還是覺得值得。,human
我昨天去台中火車站，路上遇到下雨，心情有點焦躁，但最後還是覺得值得。,human
本文旨在探討機器學習之關鍵要素，並提出一套可重現之工作流以提升整體穩健性。,ai
這段時間在學論文寫作，最卡的是資料前處理，我用請教同學才慢慢搞懂。,human
這段時間在學機器學習，最卡的是模型過擬合，我用自己寫小例子才慢慢搞懂。,human
本文旨在探討機器學習之關鍵要素，並提出一套可重現之工作流以提升整體一致性。,ai
這段時間在學醫療影像AI，最卡的是loss怎麼設計，我用自己寫小例子才慢慢搞懂。,human
為確保一致性與穩健性，本研究使用做筆記進行評估，結果顯示在可用性上具有顯著提升。,ai
今天跟同事討論PPT換版，我們對UI呈現意見不同，最後用先做MVP再優化解決。,human
為確保一致性與穩健性，本研究使用自己寫小例子進行評估，結果顯示在一致性上具有顯著提升。,ai
我很喜歡炸雞，但最近喉嚨不舒服讓我最近少吃了，改成沙拉。,human
綜合以上，深度學習可歸納為三個面向：迭代、推論、成本，未來可進一步驗證其一致性。,ai
在實務應用上，建議採用模組並搭配請教同學以達到更佳之準確率與可解釋性。,ai
在實務應用上，建議採用模組並搭配畫圖以達到更佳之穩健性與可解釋性。,ai
這段時間在學深度學習，最卡的是loss怎麼設計，我用自己寫小例子才慢慢搞懂。,human
本文旨在探討論文寫作之關鍵要素，並提出一套可重現之流程以提升整體一致性。,ai
本文旨在探討醫療影像AI之關鍵要素，並提出一套可重現之架構以提升整體準確率。,ai
本文旨在探討資料結構之關鍵要素，並提出一套可重現之架構以提升整體可用性。,ai
為確保一致性與穩健性，本研究使用畫圖進行評估，結果顯示在一致性上具有顯著提升。,ai
這段時間在學機器學習，最卡的是看不懂數學式，我用把流程拆小才慢慢搞懂。,human
這段時間在學機器學習，最卡的是資料前處理，我用做筆記才慢慢搞懂。,human
我昨天去醫院，路上遇到塞車，心情有點疲憊，但最後還是覺得值得。,human
本文旨在探討深度學習之關鍵要素，並提出一套可重現之模組以提升整體準確率。,ai
我昨天去逢甲夜市，路上遇到遇到朋友，心情有點開心，但最後還是覺得值得。,human
這段時間在學機器學習，最卡的是指標怎麼用，我用把流程拆小才慢慢搞懂。,human
在實務應用上，建議採用方法論並搭配自己寫小例子以達到更佳之一致性與可解釋性。,ai
為確保一致性與穩健性，本研究使用做筆記進行評估，結果顯示在準確率上具有顯著提升。,ai
這段時間在學論文寫作，最卡的是模型過擬合，我用請教同學才慢慢搞懂。,human
我昨天去圖書館，路上遇到下雨，心情有點開心，但最後還是覺得值得。,human
這段時間在學深度學習，最卡的是資料前處理，我用畫圖才慢慢搞懂。,human
我昨天去醫院，路上遇到手機沒電，心情有點放鬆，但最後還是覺得值得。,human
本文旨在探討機器學習之關鍵要素，並提出一套可重現之工作流以提升整體一致性。,ai
在實務應用上，建議採用工作流並搭配請教同學以達到更佳之穩健性與可解釋性。,ai
綜合以上，深度學習可歸納為三個面向：模型、訓練、泛化能力，未來可進一步驗證其穩健性。,ai
為確保一致性與穩健性，本研究使用請教同學進行評估，結果顯示在穩健性上具有顯著提升。,ai
這段時間在學醫療影像AI，最卡的是資料前處理，我用請教同學才慢慢搞懂。,human
為確保一致性與穩健性，本研究使用請教同學進行評估，結果顯示在準確率上具有顯著提升。,ai
我昨天去台中火車站，路上遇到塞車，心情有點開心，但最後還是覺得值得。,human
我昨天去醫院，路上遇到買到想吃的東西，心情有點焦躁，但最後還是覺得值得。,human
我昨天去公園，路上遇到手機沒電，心情有點開心，但最後還是覺得值得。,human
在實務應用上，建議採用工作流並搭配把流程拆小以達到更佳之一致性與可解釋性。,ai
今天跟同事討論關鍵點偵測，我們對資料標註意見不同，最後用寫兩個版本比較解決。,human
今天跟同事討論Streamlit demo，我們對部署方式意見不同，最後用用簡單可行方案解決。,human
我很喜歡珍珠奶茶，但想控制體重讓我最近少吃了，改成優格。,human
這段時間在學機器學習，最卡的是loss怎麼設計，我用自己寫小例子才慢慢搞懂。,human
綜合以上，論文寫作可歸納為三個面向：模型、回饋、可解釋性，未來可進一步驗證其可用性。,ai
本文旨在探討機器學習之關鍵要素，並提出一套可重現之架構以提升整體穩健性。,ai
今天跟同事討論關鍵點偵測，我們對評估指標意見不同，最後用用簡單可行方案解決。,human
本文旨在探討資料結構之關鍵要素，並提出一套可重現之工作流以提升整體可用性。,ai
為確保一致性與穩健性，本研究使用自己寫小例子進行評估，結果顯示在穩健性上具有顯著提升。,ai
本文旨在探討資料結構之關鍵要素，並提出一套可重現之流程以提升整體一致性。,ai
我很喜歡甜點，但熱量太高讓我最近少吃了，改成無糖茶。,human
本文旨在探討深度學習之關鍵要素，並提出一套可重現之架構以提升整體一致性。,ai
在實務應用上，建議採用架構並搭配請教同學以達到更佳之可用性與可解釋性。,ai
今天跟同事討論關鍵點偵測，我們對推論速度意見不同，最後用用簡單可行方案解決。,human
綜合以上，深度學習可歸納為三個面向：迭代、回饋、泛化能力，未來可進一步驗證其效率。,ai
我昨天去醫院，路上遇到塞車，心情有點期待，但最後還是覺得值得。,human
在實務應用上，建議採用方法論並搭配請教同學以達到更佳之穩健性與可解釋性。,ai
這段時間在學論文寫作，最卡的是看不懂數學式，我用畫圖才慢慢搞懂。,human
我昨天去圖書館，路上遇到買到想吃的東西，心情有點疲憊，但最後還是覺得值得。,human
我昨天去圖書館，路上遇到遇到朋友，心情有點期待，但最後還是覺得值得。,human
我昨天去逢甲夜市，路上遇到塞車，心情有點開心，但最後還是覺得值得。,human
這段時間在學論文寫作，最卡的是資料前處理，我用自己寫小例子才慢慢搞懂。,human
本文旨在探討資料結構之關鍵要素，並提出一套可重現之方法論以提升整體穩健性。,ai
這段時間在學資料結構，最卡的是指標怎麼用，我用自己寫小例子才慢慢搞懂。,human
本文旨在探討醫療影像AI之關鍵要素，並提出一套可重現之架構以提升整體一致性。,ai
今天跟同事討論KneeNet，我們對評估指標意見不同，最後用用投票決定解決。,human
在實務應用上，建議採用架構並搭配自己寫小例子以達到更佳之準確率與可解釋性。,ai
本文旨在探討深度學習之關鍵要素，並提出一套可重現之架構以提升整體可用性。,ai
我很喜歡火鍋，但太晚吃會睡不好讓我最近少吃了，改成湯麵。,human
為確保一致性與穩健性，本研究使用自己寫小例子進行評估，結果顯示在效率上具有顯著提升。,ai
這段時間在學機器學習，最卡的是指標怎麼用，我用做筆記才慢慢搞懂。,human
這段時間在學資料結構，最卡的是看不懂數學式，我用請教同學才慢慢搞懂。,human
我昨天去圖書館，路上遇到手機沒電，心情有點焦躁，但最後還是覺得值得。,human
今天跟同事討論關鍵點偵測，我們對資料標註意見不同，最後用用投票決定解決。,human
為確保一致性與穩健性，本研究使用畫圖進行評估，結果顯示在穩健性上具有顯著提升。,ai
為確保一致性與穩健性，本研究使用做筆記進行評估，結果顯示在可用性上具有顯著提升。,ai
本文旨在探討資料結構之關鍵要素，並提出一套可重現之流程以提升整體準確率。,ai
為確保一致性與穩健性，本研究使用請教同學進行評估，結果顯示在一致性上具有顯著提升。,ai
本文旨在探討論文寫作之關鍵要素，並提出一套可重現之方法論以提升整體效率。,ai
綜合以上，論文寫作可歸納為三個面向：模型、驗證、風險，未來可進一步驗證其準確率。,ai
我昨天去台中火車站，路上遇到買到想吃的東西，心情有點開心，但最後還是覺得值得。,human
我很喜歡火鍋，但最近喉嚨不舒服讓我最近少吃了，改成湯麵。,human
在實務應用上，建議採用模組並搭配請教同學以達到更佳之可用性與可解釋性。,ai
我很喜歡拉麵，但最近喉嚨不舒服讓我最近少吃了，改成沙拉。,human
本文旨在探討論文寫作之關鍵要素，並提出一套可重現之工作流以提升整體一致性。,ai
為確保一致性與穩健性，本研究使用畫圖進行評估，結果顯示在穩健性上具有顯著提升。,ai
今天跟同事討論KneeNet，我們對評估指標意見不同，最後用用投票決定解決。,human
為確保一致性與穩健性，本研究使用做筆記進行評估，結果顯示在可用性上具有顯著提升。,ai
綜合以上，醫療影像AI可歸納為三個面向：模型、訓練、可解釋性，未來可進一步驗證其準確率。,ai
今天跟同事討論PPT換版，我們對推論速度意見不同，最後用用簡單可行方案解決。,human
為確保一致性與穩健性，本研究使用做筆記進行評估，結果顯示在效率上具有顯著提升。,ai
綜合以上，醫療影像AI可歸納為三個面向：迭代、特徵、成本，未來可進一步驗證其一致性。,ai
這段時間在學機器學習，最卡的是看不懂數學式，我用畫圖才慢慢搞懂。,human
我昨天去圖書館，路上遇到下雨，心情有點開心，但最後還是覺得值得。,human
這段時間在學論文寫作，最卡的是指標怎麼用，我用自己寫小例子才慢慢搞懂。,human
在實務應用上，建議採用工作流並搭配把流程拆小以達到更佳之穩健性與可解釋性。,ai
綜合以上，論文寫作可歸納為三個面向：資料、訓練、可維護性，未來可進一步驗證其準確率。,ai
我昨天去逢甲夜市，路上遇到下雨，心情有點期待，但最後還是覺得值得。,human
我很喜歡甜點，但太晚吃會睡不好讓我最近少吃了，改成優格。,human
在實務應用上，建議採用流程並搭配自己寫小例子以達到更佳之準確率與可解釋性。,ai
在實務應用上，建議採用模組並搭配做筆記以達到更佳之可用性與可解釋性。,ai
為確保一致性與穩健性，本研究使用請教同學進行評估，結果顯示在穩健性上具有顯著提升。,ai
本文旨在探討資料結構之關鍵要素，並提出一套可重現之方法論以提升整體一致性。,ai
我昨天去逢甲夜市，路上遇到下雨，心情有點焦躁，但最後還是覺得值得。,human
我很喜歡珍珠奶茶，但有點上火讓我最近少吃了，改成優格。,human
今天跟同事討論PPT換版，我們對評估指標意見不同，最後用寫兩個版本比較解決。,human
本文旨在探討資料結構之關鍵要素，並提出一套可重現之流程以提升整體準確率。,ai
我昨天去台中火車站，路上遇到塞車，心情有點疲憊，但最後還是覺得值得。,human
今天跟同事討論KneeNet，我們對評估指標意見不同，最後用用簡單可行方案解決。,human
今天跟同事討論關鍵點偵測，我們對UI呈現意見不同，最後用先做MVP再優化解決。,human
今天跟同事討論n8n workflow，我們對資料標註意見不同，最後用用簡單可行方案解決。,human
我昨天去台中火車站，路上遇到買到想吃的東西，心情有點焦躁，但最後還是覺得值得。,human
今天跟同事討論KneeNet，我們對資料標註意見不同，最後用用簡單可行方案解決。,human
我很喜歡拉麵，但最近喉嚨不舒服讓我最近少吃了，改成無糖茶。,human
我很喜歡火鍋，但最近喉嚨不舒服讓我最近少吃了，改成無糖茶。,human
綜合以上，深度學習可歸納為三個面向：迭代、特徵、風險，未來可進一步驗證其可用性。,ai
本文旨在探討論文寫作之關鍵要素，並提出一套可重現之方法論以提升整體準確率。,ai
為確保一致性與穩健性，本研究使用畫圖進行評估，結果顯示在準確率上具有顯著提升。,ai
這段時間在學醫療影像AI，最卡的是看不懂數學式，我用做筆記才慢慢搞懂。,human
本文旨在探討深度學習之關鍵要素，並提出一套可重現之工作流以提升整體穩健性。,ai
這段時間在學機器學習，最卡的是loss怎麼設計，我用自己寫小例子才慢慢搞懂。,human
為確保一致性與穩健性，本研究使用做筆記進行評估，結果顯示在一致性上具有顯著提升。,ai
綜合以上，機器學習可歸納為三個面向：迭代、回饋、風險，未來可進一步驗證其穩健性。,ai
綜合以上，醫療影像AI可歸納為三個面向：資料、回饋、風險，未來可進一步驗證其準確率。,ai
今天跟同事討論Streamlit demo，我們對推論速度意見不同，最後用先照老師規格解決。,human
這段時間在學醫療影像AI，最卡的是loss怎麼設計，我用自己寫小例子才慢慢搞懂。,human
為確保一致性與穩健性，本研究使用把流程拆小進行評估，結果顯示在效率上具有顯著提升。,ai
本文旨在探討機器學習之關鍵要素，並提出一套可重現之方法論以提升整體準確率。,ai
我昨天去台中火車站，路上遇到塞車，心情有點期待，但最後還是覺得值得。,human
為確保一致性與穩健性，本研究使用自己寫小例子進行評估，結果顯示在穩健性上具有顯著提升。,ai
本文旨在探討機器學習之關鍵要素，並提出一套可重現之模組以提升整體效率。,ai
綜合以上，機器學習可歸納為三個面向：迭代、回饋、可維護性，未來可進一步驗證其效率。,ai
今天跟同事討論PPT換版，我們對部署方式意見不同，最後用先做MVP再優化解決。,human
這段時間在學論文寫作，最卡的是看不懂數學式，我用畫圖才慢慢搞懂。,human
我很喜歡珍珠奶茶，但想控制體重讓我最近少吃了，改成無糖茶。,human
我昨天去逢甲夜市，路上遇到遇到朋友，心情有點焦躁，但最後還是覺得值得。,human
在實務應用上，建議採用模組並搭配把流程拆小以達到更佳之穩健性與可解釋性。,ai
這段時間在學深度學習，最卡的是指標怎麼用，我用把流程拆小才慢慢搞懂。,human
這段時間在學醫療影像AI，最卡的是模型過擬合，我用畫圖才慢慢搞懂。,human
綜合以上，資料結構可歸納為三個面向：迭代、推論、可維護性，未來可進一步驗證其可用性。,ai
我昨天去逢甲夜市，路上遇到買到想吃的東西，心情有點疲憊，但最後還是覺得值得。,human
我很喜歡拉麵，但有點上火讓我最近少吃了，改成優格。,human
我昨天去公園，路上遇到塞車，心情有點期待，但最後還是覺得值得。,human
我昨天去醫院，路上遇到塞車，心情有點放鬆，但最後還是覺得值得。,human
綜合以上，論文寫作可歸納為三個面向：資料、訓練、成本，未來可進一步驗證其準確率。,ai
本文旨在探討深度學習之關鍵要素，並提出一套可重現之方法論以提升整體一致性。,ai
為確保一致性與穩健性，本研究使用請教同學進行評估，結果顯示在效率上具有顯著提升。,ai
我昨天去醫院，路上遇到手機沒電，心情有點放鬆，但最後還是覺得值得。,human
在實務應用上，建議採用模組並搭配把流程拆小以達到更佳之效率與可解釋性。,ai
為確保一致性與穩健性，本研究使用做筆記進行評估，結果顯示在可用性上具有顯著提升。,ai
我很喜歡甜點，但熱量太高讓我最近少吃了，改成湯麵。,human
為確保一致性與穩健性，本研究使用畫圖進行評估，結果顯示在穩健性上具有顯著提升。,ai
我很喜歡拉麵，但最近喉嚨不舒服讓我最近少吃了，改成湯麵。,human
為確保一致性與穩健性，本研究使用把流程拆小進行評估，結果顯示在穩健性上具有顯著提升。,ai
綜合以上，資料結構可歸納為三個面向：部署、推論、成本，未來可進一步驗證其準確率。,ai
我很喜歡甜點，但有點上火讓我最近少吃了，改成無糖茶。,human
本文旨在探討資料結構之關鍵要素，並提出一套可重現之架構以提升整體一致性。,ai
本文旨在探討論文寫作之關鍵要素，並提出一套可重現之工作流以提升整體可用性。,ai
在實務應用上，建議採用架構並搭配請教同學以達到更佳之一致性與可解釋性。,ai
在實務應用上，建議採用工作流並搭配請教同學以達到更佳之一致性與可解釋性。,ai
綜合以上，資料結構可歸納為三個面向：模型、回饋、可解釋性，未來可進一步驗證其效率。,ai
這段時間在學深度學習，最卡的是loss怎麼設計，我用請教同學才慢慢搞懂。,human
我很喜歡甜點，但太晚吃會睡不好讓我最近少吃了，改成優格。,human
我昨天去圖書館，路上遇到遇到朋友，心情有點疲憊，但最後還是覺得值得。,human
綜合以上，機器學習可歸納為三個面向：資料、推論、泛化能力，未來可進一步驗證其一致性。,ai
我很喜歡火鍋，但想控制體重讓我最近少吃了，改成水果。,human
綜合以上，醫療影像AI可歸納為三個面向：部署、回饋、成本，未來可進一步驗證其效率。,ai
我昨天去圖書館，路上遇到遇到朋友，心情有點開心，但最後還是覺得值得。,human
本文旨在探討醫療影像AI之關鍵要素，並提出一套可重現之工作流以提升整體可用性。,ai
我昨天去圖書館，路上遇到下雨，心情有點開心，但最後還是覺得值得。,human
為確保一致性與穩健性，本研究使用把流程拆小進行評估，結果顯示在準確率上具有顯著提升。,ai
這段時間在學論文寫作，最卡的是模型過擬合，我用做筆記才慢慢搞懂。,human
綜合以上，醫療影像AI可歸納為三個面向：監控、驗證、風險，未來可進一步驗證其一致性。,ai
我很喜歡拉麵，但熱量太高讓我最近少吃了，改成優格。,human
本文旨在探討醫療影像AI之關鍵要素，並提出一套可重現之模組以提升整體可用性。,ai
我昨天去圖書館，路上遇到買到想吃的東西，心情有點疲憊，但最後還是覺得值得。,human
在實務應用上，建議採用流程並搭配做筆記以達到更佳之可用性與可解釋性。,ai
綜合以上，醫療影像AI可歸納為三個面向：迭代、回饋、泛化能力，未來可進一步驗證其穩健性。,ai
為確保一致性與穩健性，本研究使用自己寫小例子進行評估，結果顯示在穩健性上具有顯著提升。,ai
綜合以上，醫療影像AI可歸納為三個面向：模型、回饋、成本，未來可進一步驗證其可用性。,ai
綜合以上，論文寫作可歸納為三個面向：模型、驗證、可解釋性，未來可進一步驗證其效率。,ai
